msg_id,from_user,to_user,date,content,via_ollama
53faba91b8d9_u,dreamerarun04@gmail.com,ollama,2025-10-07T22:55:16.028930,I am feeling Anxious about exams,False
18181a1f802b_bot,ollama,dreamerarun04@gmail.com,2025-10-07T22:55:21.996830,"It sounds like you're feeling really overwhelmed with anxiety about your upcoming exams. That can be a really tough and stressful experience.

First of all, let me acknowledge that it's completely normal to feel anxious when faced with challenging situations like exams. It means you care deeply about doing well and are putting pressure on yourself.

Can you tell me more about what's specifically causing your anxiety? Is it the subject matter itself, the time pressure, or something else?llama3.2:latest",True
5afc510a4d14_u,dreamerarun04@gmail.com,ollama,2025-10-08T00:03:14.912749,i am sad,False
717ddc61c25b_bot,ollama,dreamerarun04@gmail.com,2025-10-08T00:03:18.481958,"I'm so sorry to hear that you're feeling sad. It takes a lot of courage to acknowledge and share your emotions with me. Please know that I'm here to listen without judgment and offer support.

Can you tell me more about what's been going on, or what specifically is causing you to feel this way? Sometimes talking through our thoughts and feelings can help us process and find a sense of clarity.llama3.2:latest",True
f293c51a89e7_u,dreamerarun04@gmail.com,ollama,2025-10-08T00:36:19.169705,i am feeling anxious about the exams,False
f04a87dc24e4_bot,companion,dreamerarun04@gmail.com,2025-10-08T00:36:24.525889,"It sounds like you're feeling really overwhelmed with anxiety about your exams. It's completely normal to feel this way, especially when we've been studying hard for them. Your feelings are valid, and it's okay to acknowledge that you're struggling.

Can you tell me more about what's specifically making you anxious? Is it the thought of not doing well, or maybe the pressure from others or yourself?llama3.2:latest",True
91b68690ea2d_u,dreamerarun04@gmail.com,ollama,2025-10-08T12:35:40.782927,i am sad,False
49e242f3732e_bot,companion,dreamerarun04@gmail.com,2025-10-08T12:35:45.574723,"It takes a lot of courage to acknowledge your feelings and reach out for support. I'm here to listen and help in any way I can. Can you tell me more about what's been going on that's making you feel sad? Is it related to school, relationships, or something else? Sometimes sharing what's on your mind can help you process and feel a bit better.

Also, just want to acknowledge that it's okay to feel sad - everyone experiences difficult emotions from time to time. It doesn't mean there's anything wrong with you, but rather that life can be challenging sometimes. Would you like to talk about it some more?llama3.2:latest",True
