email,date,score_pct,sleep_hours,bp_systolic,bp_diastolic,notes
dreamerarun04@gmail.com,2025-10-07T22:54:08.322707,95,5.0,,,
dreamerarun04@gmail.com,2025-10-08T00:00:18.097855,90,5.0,,,
dreamerarun04@gmail.com,2025-10-08T00:00:50.240669,100,5.0,,,
dreamerarun04@gmail.com,2025-10-08T00:24:49.718213,0,8.0,,,
dreamerarun04@gmail.com,2025-10-08T00:26:19.981275,100,4.0,,,
dreamerarun04@gmail.com,2025-10-08T00:35:07.278677,90,4.0,,,
dreamerarun04@gmail.com,2025-10-08T10:43:51.179375,5,7.0,,,
arocathrin2007@gmail.com,2025-10-08T11:44:21.903600,5,7.0,,,
dreamerarun04@gmail.com,2025-10-08T12:31:03.562628,5,7.0,,,
arocathrin2007@gmail.com,2025-10-08T13:12:30.857961,5,7.0,,,
dreamerarun04@gmail.com,2025-10-08T15:48:17.401582,5,7.0,,,
